content,date,like,place,tags
 ,0,0,0,[]
 ,0,0,0,[]
 ,0,0,0,[]
 ,0,0,0,[]
 ,0,0,0,[]
 ,0,0,0,[]
 ,0,0,0,[]
 ,0,0,0,[]
 ,0,0,0,[]
 ,0,0,0,[]
 ,0,0,0,[]
 ,0,0,0,[]
 ,0,0,0,[]
 ,0,0,0,[]
 ,0,0,0,[]
 ,0,0,0,[]
 ,0,0,0,[]
 ,0,0,0,[]
 ,0,0,0,[]
 ,0,0,0,[]
 ,0,0,0,[]
 ,0,0,0,[]
 ,0,0,0,[]
 ,0,0,0,[]
 ,0,0,0,[]
 ,0,0,0,[]
 ,0,0,0,[]
 ,0,0,0,[]
 ,0,0,0,[]
 ,0,0,0,[]
 ,0,0,0,[]
 ,0,0,0,[]
 ,0,0,0,[]
 ,0,0,0,[]
 ,0,0,0,[]
 ,0,0,0,[]
 ,0,0,0,[]
 ,0,0,0,[]
 ,0,0,0,[]
 ,0,0,0,[]
 ,0,0,0,[]
 ,0,0,0,[]
 ,0,0,0,[]
 ,0,0,0,[]
 ,0,0,0,[]
 ,0,0,0,[]
 ,0,0,0,[]
 ,0,0,0,[]
 ,0,0,0,[]
 ,0,0,0,[]
 ,0,0,0,[]
 ,0,0,0,[]
 ,0,0,0,[]
 ,0,0,0,[]
 ,0,0,0,[]
 ,0,0,0,[]
 ,0,0,0,[]
 ,0,0,0,[]
 ,0,0,0,[]
 ,0,0,0,[]
 ,0,0,0,[]
 ,0,0,0,[]
 ,0,0,0,[]
 ,0,0,0,[]
 ,0,0,0,[]
 ,0,0,0,[]
 ,0,0,0,[]
 ,0,0,0,[]
 ,0,0,0,[]
 ,0,0,0,[]
 ,0,0,0,[]
 ,0,0,0,[]
 ,0,0,0,[]
 ,0,0,0,[]
 ,0,0,0,[]
 ,0,0,0,[]
 ,0,0,0,[]
 ,0,0,0,[]
 ,0,0,0,[]
 ,0,0,0,[]
 ,0,0,0,[]
 ,0,0,0,[]
 ,0,0,0,[]
 ,0,0,0,[]
 ,0,0,0,[]
 ,0,0,0,[]
 ,0,0,0,[]
 ,0,0,0,[]
 ,0,0,0,[]
 ,0,0,0,[]
 ,0,0,0,[]
 ,0,0,0,[]
 ,0,0,0,[]
 ,0,0,0,[]
 ,0,0,0,[]
 ,0,0,0,[]
 ,0,0,0,[]
 ,0,0,0,[]
 ,0,0,0,[]
 ,0,0,0,[]
 ,0,0,0,[]
 ,0,0,0,[]
 ,0,0,0,[]
 ,0,0,0,[]
 ,0,0,0,[]
 ,0,0,0,[]
 ,0,0,0,[]
 ,0,0,0,[]
 ,0,0,0,[]
 ,0,0,0,[]
 ,0,0,0,[]
 ,0,0,0,[]
 ,0,0,0,[]
 ,0,0,0,[]
 ,0,0,0,[]
 ,0,0,0,[]
 ,0,0,0,[]
 ,0,0,0,[]
 ,0,0,0,[]
 ,0,0,0,[]
 ,0,0,0,[]
 ,0,0,0,[]
 ,0,0,0,[]
 ,0,0,0,[]
 ,0,0,0,[]
 ,0,0,0,[]
 ,0,0,0,[]
 ,0,0,0,[]
 ,0,0,0,[]
 ,0,0,0,[]
 ,0,0,0,[]
 ,0,0,0,[]
 ,0,0,0,[]
 ,0,0,0,[]
 ,0,0,0,[]
 ,0,0,0,[]
 ,0,0,0,[]
 ,0,0,0,[]
 ,0,0,0,[]
 ,0,0,0,[]
 ,0,0,0,[]
 ,0,0,0,[]
 ,0,0,0,[]
 ,0,0,0,[]
 ,0,0,0,[]
 ,0,0,0,[]
 ,0,0,0,[]
 ,0,0,0,[]
 ,0,0,0,[]
 ,0,0,0,[]
 ,0,0,0,[]
 ,0,0,0,[]
 ,0,0,0,[]
 ,0,0,0,[]
 ,0,0,0,[]
 ,0,0,0,[]
 ,0,0,0,[]
 ,0,0,0,[]
 ,0,0,0,[]
 ,0,0,0,[]
 ,0,0,0,[]
 ,0,0,0,[]
 ,0,0,0,[]
 ,0,0,0,[]
 ,0,0,0,[]
 ,0,0,0,[]
 ,0,0,0,[]
 ,0,0,0,[]
 ,0,0,0,[]
 ,0,0,0,[]
 ,0,0,0,[]
 ,0,0,0,[]
 ,0,0,0,[]
 ,0,0,0,[]
 ,0,0,0,[]
 ,0,0,0,[]
 ,0,0,0,[]
 ,0,0,0,[]
 ,0,0,0,[]
 ,0,0,0,[]
 ,0,0,0,[]
 ,0,0,0,[]
 ,0,0,0,[]
 ,0,0,0,[]
 ,0,0,0,[]
 ,0,0,0,[]
 ,0,0,0,[]
 ,0,0,0,[]
 ,0,0,0,[]
 ,0,0,0,[]
 ,0,0,0,[]
 ,0,0,0,[]
 ,0,0,0,[]
 ,0,0,0,[]
 ,0,0,0,[]
 ,0,0,0,[]
 ,0,0,0,[]
 ,0,0,0,[]
 ,0,0,0,[]
 ,0,0,0,[]
 ,0,0,0,[]
 ,0,0,0,[]
 ,0,0,0,[]
 ,0,0,0,[]
 ,0,0,0,[]
 ,0,0,0,[]
 ,0,0,0,[]
 ,0,0,0,[]
 ,0,0,0,[]
 ,0,0,0,[]
 ,0,0,0,[]
 ,0,0,0,[]
 ,0,0,0,[]
 ,0,0,0,[]
 ,0,0,0,[]
 ,0,0,0,[]
 ,0,0,0,[]
 ,0,0,0,[]
 ,0,0,0,[]
 ,0,0,0,[]
 ,0,0,0,[]
 ,0,0,0,[]
 ,0,0,0,[]
 ,0,0,0,[]
 ,0,0,0,[]
 ,0,0,0,[]
 ,0,0,0,[]
 ,0,0,0,[]
 ,0,0,0,[]
 ,0,0,0,[]
 ,0,0,0,[]
 ,0,0,0,[]
 ,0,0,0,[]
 ,0,0,0,[]
 ,0,0,0,[]
 ,0,0,0,[]
 ,0,0,0,[]
 ,0,0,0,[]
 ,0,0,0,[]
 ,0,0,0,[]
 ,0,0,0,[]
 ,0,0,0,[]
 ,0,0,0,[]
 ,0,0,0,[]
 ,0,0,0,[]
 ,0,0,0,[]
 ,0,0,0,[]
 ,0,0,0,[]
 ,0,0,0,[]
 ,0,0,0,[]
 ,0,0,0,[]
 ,0,0,0,[]
 ,0,0,0,[]
 ,0,0,0,[]
 ,0,0,0,[]
 ,0,0,0,[]
 ,0,0,0,[]
 ,0,0,0,[]
 ,0,0,0,[]
 ,0,0,0,[]
 ,0,0,0,[]
 ,0,0,0,[]
 ,0,0,0,[]
 ,0,0,0,[]
 ,0,0,0,[]
 ,0,0,0,[]
 ,0,0,0,[]
 ,0,0,0,[]
 ,0,0,0,[]
 ,0,0,0,[]
 ,0,0,0,[]
 ,0,0,0,[]
 ,0,0,0,[]
 ,0,0,0,[]
 ,0,0,0,[]
 ,0,0,0,[]
 ,0,0,0,[]
 ,0,0,0,[]
 ,0,0,0,[]
 ,0,0,0,[]
 ,0,0,0,[]
 ,0,0,0,[]
 ,0,0,0,[]
 ,0,0,0,[]
 ,0,0,0,[]
 ,0,0,0,[]
 ,0,0,0,[]
 ,0,0,0,[]
 ,0,0,0,[]
 ,0,0,0,[]
 ,0,0,0,[]
 ,0,0,0,[]
 ,0,0,0,[]
 ,0,0,0,[]
 ,0,0,0,[]
 ,0,0,0,[]
 ,0,0,0,[]
 ,0,0,0,[]
 ,0,0,0,[]
 ,0,0,0,[]
 ,0,0,0,[]
 ,0,0,0,[]
 ,0,0,0,[]
 ,0,0,0,[]
 ,0,0,0,[]
 ,0,0,0,[]
 ,0,0,0,[]
 ,0,0,0,[]
 ,0,0,0,[]
 ,0,0,0,[]
 ,0,0,0,[]
 ,0,0,0,[]
 ,0,0,0,[]
 ,0,0,0,[]
 ,0,0,0,[]
 ,0,0,0,[]
 ,0,0,0,[]
 ,0,0,0,[]
 ,0,0,0,[]
 ,0,0,0,[]
 ,0,0,0,[]
 ,0,0,0,[]
 ,0,0,0,[]
 ,0,0,0,[]
 ,0,0,0,[]
 ,0,0,0,[]
 ,0,0,0,[]
 ,0,0,0,[]
 ,0,0,0,[]
 ,0,0,0,[]
 ,0,0,0,[]
 ,0,0,0,[]
 ,0,0,0,[]
 ,0,0,0,[]
 ,0,0,0,[]
 ,0,0,0,[]
 ,0,0,0,[]
 ,0,0,0,[]
 ,0,0,0,[]
 ,0,0,0,[]
 ,0,0,0,[]
 ,0,0,0,[]
 ,0,0,0,[]
 ,0,0,0,[]
 ,0,0,0,[]
 ,0,0,0,[]
 ,0,0,0,[]
 ,0,0,0,[]
 ,0,0,0,[]
 ,0,0,0,[]
 ,0,0,0,[]
 ,0,0,0,[]
 ,0,0,0,[]
 ,0,0,0,[]
 ,0,0,0,[]
 ,0,0,0,[]
 ,0,0,0,[]
 ,0,0,0,[]
 ,0,0,0,[]
 ,0,0,0,[]
 ,0,0,0,[]
 ,0,0,0,[]
 ,0,0,0,[]
 ,0,0,0,[]
 ,0,0,0,[]
 ,0,0,0,[]
 ,0,0,0,[]
 ,0,0,0,[]
 ,0,0,0,[]
 ,0,0,0,[]
 ,0,0,0,[]
 ,0,0,0,[]
 ,0,0,0,[]
 ,0,0,0,[]
 ,0,0,0,[]
 ,0,0,0,[]
 ,0,0,0,[]
 ,0,0,0,[]
 ,0,0,0,[]
 ,0,0,0,[]
 ,0,0,0,[]
 ,0,0,0,[]
 ,0,0,0,[]
 ,0,0,0,[]
 ,0,0,0,[]
 ,0,0,0,[]
 ,0,0,0,[]
 ,0,0,0,[]
 ,0,0,0,[]
 ,0,0,0,[]
 ,0,0,0,[]
 ,0,0,0,[]
 ,0,0,0,[]
 ,0,0,0,[]
 ,0,0,0,[]
 ,0,0,0,[]
 ,0,0,0,[]
 ,0,0,0,[]
 ,0,0,0,[]
 ,0,0,0,[]
 ,0,0,0,[]
 ,0,0,0,[]
 ,0,0,0,[]
 ,0,0,0,[]
 ,0,0,0,[]
 ,0,0,0,[]
 ,0,0,0,[]
 ,0,0,0,[]
 ,0,0,0,[]
 ,0,0,0,[]
 ,0,0,0,[]
 ,0,0,0,[]
 ,0,0,0,[]
 ,0,0,0,[]
 ,0,0,0,[]
 ,0,0,0,[]
 ,0,0,0,[]
 ,0,0,0,[]
 ,0,0,0,[]
 ,0,0,0,[]
 ,0,0,0,[]
 ,0,0,0,[]
 ,0,0,0,[]
 ,0,0,0,[]
 ,0,0,0,[]
 ,0,0,0,[]
 ,0,0,0,[]
 ,0,0,0,[]
 ,0,0,0,[]
 ,0,0,0,[]
 ,0,0,0,[]
 ,0,0,0,[]
 ,0,0,0,[]
 ,0,0,0,[]
 ,0,0,0,[]
 ,0,0,0,[]
 ,0,0,0,[]
 ,0,0,0,[]
 ,0,0,0,[]
 ,0,0,0,[]
 ,0,0,0,[]
 ,0,0,0,[]
 ,0,0,0,[]
 ,0,0,0,[]
 ,0,0,0,[]
 ,0,0,0,[]
 ,0,0,0,[]
 ,0,0,0,[]
 ,0,0,0,[]
 ,0,0,0,[]
 ,0,0,0,[]
 ,0,0,0,[]
 ,0,0,0,[]
 ,0,0,0,[]
 ,0,0,0,[]
 ,0,0,0,[]
 ,0,0,0,[]
 ,0,0,0,[]
 ,0,0,0,[]
 ,0,0,0,[]
 ,0,0,0,[]
 ,0,0,0,[]
 ,0,0,0,[]
 ,0,0,0,[]
 ,0,0,0,[]
 ,0,0,0,[]
 ,0,0,0,[]
 ,0,0,0,[]
 ,0,0,0,[]
 ,0,0,0,[]
 ,0,0,0,[]
 ,0,0,0,[]
 ,0,0,0,[]
 ,0,0,0,[]
 ,0,0,0,[]
 ,0,0,0,[]
 ,0,0,0,[]
 ,0,0,0,[]
 ,0,0,0,[]
 ,0,0,0,[]
 ,0,0,0,[]
 ,0,0,0,[]
 ,0,0,0,[]
 ,0,0,0,[]
 ,0,0,0,[]
 ,0,0,0,[]
 ,0,0,0,[]
 ,0,0,0,[]
 ,0,0,0,[]
 ,0,0,0,[]
 ,0,0,0,[]
 ,0,0,0,[]
 ,0,0,0,[]
 ,0,0,0,[]
 ,0,0,0,[]
 ,0,0,0,[]
 ,0,0,0,[]
 ,0,0,0,[]
 ,0,0,0,[]
 ,0,0,0,[]
