카테고리,이름,구독자 수,조회수,영상 수
[음악/댄스/가수],BLACKPINK,6410만,190억1809만,371
[음악/댄스/가수],HYBE LABELS,6040만,187억3584만,654
[음악/댄스/가수],BANGTANTV,5650만,122억1297만,"1,579"
[음악/댄스/가수],SMTOWN,2850만,218억9538만,"3,729"
[키즈/어린이],Boram Tube Vlog [보람튜브 브이로그],2650만,110억5288만,223
[음악/댄스/가수],1MILLION Dance Studio,2420만,66억9690만,"2,903"
[음악/댄스/가수],1theK (원더케이),2320만,206억0665만,"14,986"
[음악/댄스/가수],JYP Entertainment,2160만,137억3356만,"1,329"
[미분류],Coldplay,1930만,127억7603만,279
[음악/댄스/가수],Mnet K-POP,1840만,129억5949만,"25,425"
[음악/댄스/가수],JFlaMusic,1720만,34억2183만,279
[TV/방송],KBS WORLD TV,1660만,123억6332만,"52,390"
[음악/댄스/가수],officialpsy,1500만,86억2675만,90
[음식/요리/레시피],Jane ASMR 제인,1420만,49억1681만,"1,190"
[음악/댄스/가수],BIGBANG,1380만,66억7998만,773
[음악/댄스/가수],TWICE,1150만,22억0692만,592
[키즈/어린이],Nao FunFun,1080만,390만,34
[음악/댄스/가수],Stone Music Entertainment,998만,78억6550만,"7,922"
[키즈/어린이],DuDuPopTOY,984만,43억7225만,"1,745"
[음식/요리/레시피],Hongyu ASMR 홍유,976만,26억9537만,386
[키즈/어린이],핑크퐁 (인기 동요・동화),945만,57억1186만,"2,227"
[TV/방송],MBCkpop,942만,73억6382만,"40,660"
[키즈/어린이],서은이야기[SeoeunStory],937만,39억9778만,"1,001"
[키즈/어린이],Larva TUBA,932만,40억5114만,"2,866"
[키즈/어린이],Toymong tv 토이몽TV,927만,38억2438만,"1,833"
[미분류],The Late Show with Stephen Colbert,860만,78억2929만,"8,353"
[뉴스/정치/사회],MBCentertainment,838만,143억2388만,"85,431"
[음악/댄스/가수],Mnet Official,833만,90억5987만,"18,130"
[음악/댄스/가수],iKON,831만,20억9217만,468
[음악/댄스/가수],EXO,828만,4억6530만,201
[미분류],WIRED,812만,26억1017만,"3,221"
[미분류],Nintendo,802만,27억2712만,"5,143"
[미분류],BBC Radio 1,759만,31억9335만,"4,414"
[TV/방송],M2,749만,55억3113만,"14,280"
[키즈/어린이],MariAndKids,748만,22억8862만,808
[음식/요리/레시피],[햄지]Hamzy,745만,21억4870만,331
[음악/댄스/가수],TOMORROW X TOGETHER OFFICIAL,735만,4억4391만,741
[키즈/어린이],SonicToy소닉토이,717만,29억3478만,164
[음악/댄스/가수],Stray Kids,695만,10억1079만,464
[음식/요리/레시피],Travel Thirsty,688만,28억9776만,676
[뉴스/정치/사회],JTBC Entertainment,684만,97억1550만,"63,970"
[해외],Serie A,683만,23억8736만,"20,486"
[음악/댄스/가수],SEVENTEEN,681만,21억2033만,871
[음악/댄스/가수],Sungha Jung,673만,18억7139만,"1,263"
[음악/댄스/가수],이지금 [IU Official],663만,9억2633만,125
[음식/요리/레시피],문복희 Eat with Boki,648만,14억4812만,424
[음악/댄스/가수],ALL THE K-POP,638만,38억8505만,"19,505"
[음식/요리/레시피],쏘영 Ssoyoung,636만,9억3311만,566
[음악/댄스/가수],YG ENTERTAINMENT,635만,16억3182만,389
[TV/방송],KBS Kpop,626만,47억1037만,"29,013"
[음악/댄스/가수],GOT7,604만,7억5427만,579
[음악/댄스/가수],MAMAMOO,602만,16억1405만,600
[패션/미용],PONY Syndrome,586만,3억5479만,188
[TV/방송],스브스케이팝 / SBS KPOP,582만,38억5363만,"25,785"
[회사/오피셜],Samsung,578만,10억1211만,"1,554"
[TV/방송],tvN DRAMA,577만,54억9406만,"34,868"
[TV/방송],SBS Entertainment,572만,66억6475만,"216,725"
[키즈/어린이],스위트티비 SweetTV,560만,26억5221만,503
[음악/댄스/가수],ITZY,554만,9억6095만,421
[TV/방송],SBS Drama,548만,57억5087만,"340,878"
[미분류],PSG - Paris Saint-Germain,542만,5억6646만,"4,067"
[키즈/어린이],[장난감티비]TOYTV,542만,26억3597만,"1,466"
[키즈/어린이],미니특공대TV,537만,30억1718만,"1,105"
[음악/댄스/가수],2NE1,530만,19억4708만,321
[키즈/어린이],콩순이 • 시크릿 쥬쥬 [Kongsuni • Secret Jouju],516만,44억8253만,"1,236"
[BJ/인물/연예인],[Awesome Haeun]어썸하은,515만,7억9726만,487
[음식/요리/레시피],백종원의 요리비책 Paik's Cuisine,512만,5억2272만,334
[키즈/어린이],ToyMart TV,495만,21억4853만,651
[음식/요리/레시피],야미보이 Yummyboy,487만,17억2245만,849
[음악/댄스/가수],starshipTV,479만,27억6566만,"1,955"
[키즈/어린이],베이비버스 -인기 동요・동화,474만,31억6887만,"1,282"
[음악/댄스/가수],BT21,460만,3억6248만,193
[뉴스/정치/사회],SBS NOW / SBS 공식 채널,457만,45억3341만,"19,841"
[키즈/어린이],TOY GUMA,457만,15억1424만,306
[TV/방송],KBS Entertain,447만,70억4934만,"99,926"
[음식/요리/레시피],떵개떵,447만,25억0486만,"4,330"
[음악/댄스/가수],ASTRO 아스트로,441만,4억1248만,433
[키즈/어린이],뽀로로(Pororo),437만,58억7067만,"3,595"
[음악/댄스/가수],Red Velvet,434만,5억9256만,139
[TV/방송],MBCdrama,433만,48억9883만,"53,924"
[음식/요리/레시피],하루한끼 one meal a day,431만,4억1059만,162
[음악/댄스/가수],TREASURE (트레저),427만,8억2923만,253
[음식/요리/레시피],푸메Fume,424만,8억5634만,463
[키즈/어린이],슈슈토이 Shushu ToysReview,420만,15억5498만,581
[TV/방송],채널 NCT DAILY,419만,7억2412만,467
[음악/댄스/가수],Raon Lee,419만,9억1695만,295
[미분류],EA SPORTS FIFA,418만,7억9340만,792
[키즈/어린이],With Kids Playground [위드키즈 놀이터],416만,15억6857만,399
[음식/요리/레시피],Cooking tree 쿠킹트리,416만,3억7857만,"1,133"
[음식/요리/레시피],[Dorothy]도로시,415만,9억8659만,905
[TV/방송],JTBC Drama,412만,42억0979만,"22,560"
[애완/반려동물],SBS TV동물농장x애니멀봐,412만,37억4911만,"3,002"
[음식/요리/레시피],tzuyang쯔양,411만,5억0727만,236
[음악/댄스/가수],NCT,410만,2억7062만,218
[BJ/인물/연예인],영국남자 Korean Englishman,410만,13억3518만,432
[음식/요리/레시피],까니짱 [ G-NI ],408만,10억3471만,482
[키즈/어린이],로미유 스토리[Romiyu Story],408만,10억6621만,433
[음악/댄스/가수],NCT DREAM,387만,3억7615만,229
[BJ/인물/연예인],허팝Heopop,381만,31억3892만,"1,847"
[취미/라이프],JaeYeol ASMR 재열,380만,10억1154만,970
[애완/반려동물],크림히어로즈,380만,13억7477만,940
[BJ/인물/연예인],워크맨-Workman,379만,6억8319만,141
[BJ/인물/연예인],waveya 2011,373만,13억4628만,702
[키즈/어린이],Lime Tube[라임튜브],373만,25억9542만,"1,723"
[음악/댄스/가수],WINNER,373만,11억7126만,428
[키즈/어린이],CoCosToy 꼬꼬스토이,365만,20억5198만,780
[음악/댄스/가수],백현 Baekhyun,362만,4946만,20
[키즈/어린이],Milana FamilyShow[EN],362만,9억7647만,185
[음악/댄스/가수],NCT 127,357만,3억0391만,185
[BJ/인물/연예인],ARTBEAT,356만,8억7390만,"1,069"
[TV/방송],TV-People,350만,39억1407만,"17,719"
[TV/방송],채널 십오야,349만,6억5063만,451
[TV/방송],KBS Drama,347만,42억6111만,"114,095"
[회사/오피셜],Billboard,336만,11억2601만,"6,654"
[키즈/어린이],리월드RIWORLD,333만,13억0019만,179
[취미/라이프],drawholic,332만,3억6252만,348
[키즈/어린이],제이제이 튜브 [JJ Tube],329만,20억6028만,497
[음악/댄스/가수],KARD,328만,5억9647만,312
[TV/방송],솔라시도 solarsido,328만,2억0128만,246
[키즈/어린이],EBS 키즈,328만,40억6587만,"18,883"
[TV/방송],tvN,326만,46억7755만,"59,409"
[TV/방송],딩고 뮤직 / dingo music,323만,11억6896만,"1,526"
[음악/댄스/가수],(G)I-DLE (여자)아이들 (Official YouTube Channel),321만,9억5419만,199
[키즈/어린이],MariAndToys,316만,5억6535만,188
[키즈/어린이],럭키강이 LuckyKang i,311만,13억2876만,"1,212"
[키즈/어린이],키즈팡TV,309만,19억2463만,"1,833"
[음악/댄스/가수],imlisarhee,308만,4억2318만,547
[스포츠/운동],피지컬갤러리,306만,4억8472만,592
[키즈/어린이],카 로봇 Car Robot,301만,17억7000만,"3,519"
[음식/요리/레시피],FRAN,297만,9억3954만,"1,271"
[음식/요리/레시피],유디티TV,295만,5억9493만,992
[취미/라이프],사나고 Sanago,294만,3억7449만,140
[영화/만화/애니],장삐쭈,294만,12억9975만,365
[취미/라이프],Thankyou BUBU,293만,4억5989만,134
[TV/방송],tvN D ENT,292만,51억6056만,"14,702"
[음악/댄스/가수],ROSÉ Official,291만,1180만,3
[음악/댄스/가수],새송 Saesong,290만,2억8566만,247
[음식/요리/레시피],5 분 Tricks,289만,10억1924만,"3,083"
[음식/요리/레시피],양수빈,284만,4억9949만,224
[TV/방송],옛드 : 옛날 드라마 [드라맛집],280만,49억6003만,"45,915"
[취미/라이프],odg,274만,4억4100만,113
[키즈/어린이],미니팡TV,274만,19억8704만,557
[음식/요리/레시피],한세HANSE,274만,3억7550만,569
[음악/댄스/가수],STUDIO CHOOM [스튜디오 춤],272만,9억9798만,618
[TV/방송],JTBC Voyage,270만,30억4595만,"6,835"
[취미/라이프],팬케이Pan K The Pancake Artist,268만,7억9097만,541
[키즈/어린이],헤이지니 Hey Jini,264만,16억2482만,"1,149"
[음악/댄스/가수],JAY PARK,263만,6억4807만,137
[음식/요리/레시피],나도Nado,261만,6억6868만,681
[TV/방송],PLAYLIST ORIGINALS 플레이리스트 오리지널,257만,9억5736만,659
[뉴스/정치/사회],TVCHOSUN - TV조선,256만,41억9950만,"64,268"
[TV/방송],런닝맨 - 스브스 공식 채널,254만,32억6040만,"53,502"
[음악/댄스/가수],HyunA,252만,3억0180만,58
[음악/댄스/가수],AKMU,252만,6억1841만,148
[뉴스/정치/사회],YTN news,250만,54억6239만,"553,462"
[취미/라이프],ASMR PPOMO,250만,6억6086만,421
[키즈/어린이],ToyFamily,247만,36만,38
[음악/댄스/가수],GIRLS' GENERATION,244만,1억4241만,75
[키즈/어린이],보라미TV BoramiTV,241만,8억2772만,594
[음식/요리/레시피],지현꿍,240만,1억9457만,80
[게임],도티 TV,238만,26억6568만,"3,238"
[미분류],Lizzo Music,235만,9억2723만,71
[BJ/인물/연예인],와썹맨-Wassup Man,234만,3억1089만,177
[음악/댄스/가수],United CUBE (CUBE Entertainment Official YouTube Channel),233만,7억1652만,"1,556"
[TV/방송],ATEEZ,231만,2억2587만,304
[음악/댄스/가수],창현,231만,2억7478만,753
[TV/방송],EBSDocumentary (EBS 다큐),229만,20억6095만,"28,246"
[BJ/인물/연예인],VIVA DANCE STUDIO,225만,3억9020만,"2,023"
[패션/미용],RISABAE,224만,2억6082만,363
[음악/댄스/가수],여자친구 GFRIEND OFFICIAL,223만,4억2959만,515
[BJ/인물/연예인],JOLLY,223만,4억9115만,333
[영화/만화/애니],총몇명,222만,7억5230만,301
[음악/댄스/가수],Jessi,221만,3억1080만,44
[BJ/인물/연예인],흔한남매,221만,20억6784만,768
[패션/미용],미지우 MEJIWOO,220만,3132만,28
[BJ/인물/연예인],진용진,220만,6억2340만,410
[키즈/어린이],또봇 V · 메탈리온 [Tobot V · Metalions],219만,27억0373만,"1,858"
[키즈/어린이],MariAndFriends,219만,14억4598만,"1,743"
[음악/댄스/가수],채널 NCT MUSIC,218만,1억5783만,29
[BJ/인물/연예인],엔조이커플enjoycouple,218만,7억5124만,518
[키즈/어린이],꼬마버스 타요,217만,16억8701만,"2,243"
[음식/요리/레시피],애정 Aejeong,217만,3억2957만,393
[음악/댄스/가수],SHINee,217만,1억8761만,138
[음식/요리/레시피],꿀키honeykki,217만,2억6668만,424
[음악/댄스/가수],official IZ*ONE,216만,5억3294만,270
[BJ/인물/연예인],해그린달 haegreendal,216만,8740만,59
[BJ/인물/연예인],International Couple[사샤와 제이],216만,2억2690만,142
[음악/댄스/가수],채널 NCT DANCE,214만,1억8432만,42
[키즈/어린이],Boys Playtime,214만,10억0967만,415
[해외],The Wiggles,212만,25억5552만,621
[음악/댄스/가수],SUPER JUNIOR,212만,9512만,186
[TV/방송],스브스 예능맛집,211만,15억8642만,"3,418"
[미분류],MONSTA X,210만,2억3494만,41
[뉴스/정치/사회],SBS Catch,210만,19억7900만,"3,218"
[게임],감스트GAMST,210만,14억0619만,"4,461"
[음식/요리/레시피],푸드킹덤 Food Kingdom,209만,7억4453만,797
[음악/댄스/가수],4Minute 포미닛(Official YouTube Channel),209만,12억3600만,82
[미분류],김종국 GYM JONG KOOK,208만,5408만,10
[음식/요리/레시피],ZOEY ASMR 조이,207만,4억7538만,606
[영화/만화/애니],레이디버그TV,207만,10억8745만,325
[BJ/인물/연예인],공대생 변승주 DS,207만,13억8072만,"1,438"
[애완/반려동물],수리노을SuriNoel,206만,7억0677만,"1,036"
[음악/댄스/가수],OfficialGDRAGON,205만,5364만,0
[교육/강의],디바제시카DeevaJessica,204만,8억3852만,"2,939"
[음악/댄스/가수],The K-POP,203만,5억7300만,"7,342"
[TV/방송],퇴경아 약먹자,203만,3억3470만,653
[TV/방송],보길 bogil,200만,7억9311만,"1,098"
[키즈/어린이],"토닥토닥 꼬모 - 애니메이션, 동요, 놀이",200만,23억2460만,829
[키즈/어린이],캐리TV 장난감친구들,200만,26억3854만,"2,661"
[키즈/어린이],[wonderkids TV] 원더키즈 TV,198만,8억7308만,918
[음식/요리/레시피],흥삼이네 Heungsam's Family,198만,9억8349만,"1,371"
[키즈/어린이],Toy Wizard [토이위자드],197만,7억2113만,643
[교육/강의],올리버쌤,197만,4억8588만,610
[음악/댄스/가수],헨리 Henry Lau,195만,1억6354만,170
[게임],잠뜰 TV,195만,24억5450만,"2,793"
[음악/댄스/가수],woolliment,193만,7억3980만,750
[음악/댄스/가수],EXID_OFFICIAL,192만,6억3874만,332
[음식/요리/레시피],JerryPop,192만,6억8827만,414
[미분류],THEBLACKLABEL,191만,3억0656만,75
[음악/댄스/가수],CHEN,191만,3075만,10
[키즈/어린이],뉴욕이네 (뉴욕이랑 놀자),191만,8억5836만,702
[음식/요리/레시피],도남이먹방Donam,190만,6억0841만,792
[미분류],GoogleDoodles,189만,4억0915만,104
[교육/강의],The World of Dave데이브,189만,4억4963만,627
[애완/반려동물],밀키복이탄이MilkyBokiTan,188만,5억4392만,355
[TV/방송],tvN D STUDIO,186만,5억3421만,980
[IT/기술/컴퓨터],ITSub잇섭,185만,5억6026만,785
[음악/댄스/가수],셀프어쿠스틱selfacoustic,180만,4억1356만,150
[TV/방송],아는형님 Knowingbros,179만,7억1897만,"1,353"
[음악/댄스/가수],ARIRANG K-POP,178만,7억1151만,"27,663"
[뉴스/정치/사회],SBS 뉴스,178만,26억7252만,"111,308"
[음식/요리/레시피],ASMR Suna 꿀꿀선아,178만,4억2034만,320
[뉴스/정치/사회],채널A,177만,20억3123만,"21,556"
[키즈/어린이],Dollightful,176만,2억6800만,146
[게임],악동 김블루,176만,9억6472만,757
[키즈/어린이],꾹TV(Kkuk TV),176만,10억1969만,"1,369"
[음식/요리/레시피],FoodieBoy 푸디보이,175만,6억1868만,"1,118"
[취미/라이프],Imaginative Guy,174만,5억5205만,109
[스포츠/운동],Allblanc TV,173만,1억8778만,328
[음악/댄스/가수],A-YEON,173만,2억0239만,58
[음악/댄스/가수],DAY6,173만,2억4371만,329
[음악/댄스/가수],BTOB 비투비 (Official YouTube Channel),172만,3억9587만,493
[음식/요리/레시피],입짧은햇님,172만,6억6384만,"2,438"
[IT/기술/컴퓨터],밝은 면 Bright Side Korea,172만,4억4458만,"3,202"
[뉴스/정치/사회],JTBC News,171만,24억0966만,"116,553"
[BJ/인물/연예인],보물섬,171만,10억8495만,435
[음악/댄스/가수],비몽,170만,8억9290만,"4,577"
[음악/댄스/가수],MLD ENTERTAINMENT,170만,6억5590만,573
[패션/미용],Wishtrend TV,169만,1억4266만,815
[게임],양띵 유튜브,169만,18억8500만,"7,241"
[애완/반려동물],내셔널지오그래픽 - National Geographic Korea,168만,7억2262만,"2,997"
[패션/미용],조효진 HYOJIN,167만,1억5752만,296
[음악/댄스/가수],loonatheworld,166만,5억8016만,"1,013"
[게임],대도서관TV (buzzbean11),166만,14억1901만,"9,316"
[영화/만화/애니],고몽,166만,6억8937만,445
[TV/방송],dingo freestyle,166만,9억2007만,919
[애완/반려동물],슈앤트리 SHU AND TREE,165만,3억5171만,348
[교육/강의],슈카월드,164만,2억3777만,898
[음식/요리/레시피],슈기님,163만,6억2926만,"1,414"
[키즈/어린이],캐릭온 TV,162만,17억1814만,740
[음식/요리/레시피],HONG SOUND,162만,3억7223만,994
[음악/댄스/가수],GOT7,160만,2026만,3
[패션/미용],Leesuhyun,160만,7241만,101
[BJ/인물/연예인],더블비,160만,9억1868만,449
[TV/방송],콬TV,160만,5억2866만,743
[영화/만화/애니],짤툰,159만,7억9880만,387
[음악/댄스/가수],DJ SODA OFFICIAL,159만,2억2022만,153
[스포츠/운동],SPOTV,159만,13억2996만,"40,087"
[게임],뜨뜨뜨뜨,159만,7억1684만,"1,443"
[음식/요리/레시피],최고다윽박EUGBAK,159만,8억5551만,"1,532"
[음악/댄스/가수],PENTAGON 펜타곤 (Official YouTube Channel),157만,2억1489만,361
[음악/댄스/가수],OfficialLEEHI,157만,3억2933만,94
[키즈/어린이],덕대-DD film,157만,7억4243만,"1,591"
[주식/경제/부동산],신사임당,156만,2억0333만,966
[음악/댄스/가수],NU'EST,156만,2억2776만,610
[뉴스/정치/사회],EBSCulture (EBS 교양),155만,11억6418만,"41,161"
[음악/댄스/가수],THE BOYZ,154만,2억5226만,482
[음악/댄스/가수],버블디아,153만,3억9983만,"1,190"
[TV/방송],조재원,153만,3억9160만,273
[음식/요리/레시피],Chihun ASMR 치훈,152만,2억6003만,397
[키즈/어린이],Edu car toy school,152만,7억8972만,"1,261"
[키즈/어린이],유라야놀자(Let's play YURA),152만,15억7743만,"1,396"
[패션/미용],ssin 씬님,152만,4억3620만,689
[미분류],GH'S,151만,6억9227만,95
[TV/방송],KBS 한국방송,151만,14억0510만,"28,069"
[음식/요리/레시피],ETTV 이티티비,151만,6억3598만,"1,017"
[키즈/어린이],지니키즈 Genikids (인기 동요・동화),151만,11억7661만,"1,209"
[게임],태경 TV,151만,21억7370만,"2,512"
[게임],김재원의 즐거운 세상,151만,16억0236만,"1,786"
[음악/댄스/가수],DOJIN도진이,150만,7845만,47
[뉴스/정치/사회],MBCNEWS,150만,33억8358만,"115,414"
[TV/방송],문명특급 - MMTG,149만,3억0825만,227
[키즈/어린이],브라보키즈_BRAVO KIDS,149만,15억3613만,"1,755"
[주식/경제/부동산],삼프로TV_경제의신과함께,149만,3억9897만,"5,344"
[TV/방송],MBN Entertainment,147만,14억7139만,"36,196"
[음식/요리/레시피],승우아빠,147만,4억1443만,584
[음악/댄스/가수],Daily Busking,147만,5억8557만,966
[음식/요리/레시피],[Nareum_TV] 나름TV,147만,5억2943만,792
[영화/만화/애니],지무비 : G Movie,147만,4억9623만,236
[BJ/인물/연예인],웃소 Wootso,146만,13억4558만,681
[음악/댄스/가수],FNCEnt,145만,3억0212만,"1,427"
[음악/댄스/가수],Chuther츄더[문에스더],145만,1억9743만,139
[뉴스/정치/사회],진성호방송,145만,16억7888만,"7,672"
[음식/요리/레시피],ARIKITCHEN (아리키친),145만,3억4486만,444
[뉴스/정치/사회],KBS Drama Classic,144만,13억1976만,"9,413"
[게임],T1 Faker,144만,2억6333만,"1,196"
[TV/방송],"안구정화TV, Your Korean Friend",144만,1억1528만,158
[취미/라이프],피식대학Psick Univ,143만,3억5080만,368
[뉴스/정치/사회],디글 클래식 :Diggle Classic,143만,32억9858만,"22,193"
[음악/댄스/가수],Lemoring,143만,7억7573만,486
[BJ/인물/연예인],혜리,142만,7019만,66
[음식/요리/레시피],칩chip,142만,1억8876만,36
[뉴스/정치/사회],신의한수,142만,11억3241만,"8,346"
[BJ/인물/연예인],[상윤쓰]Sangyoon,141만,2억7430만,147
[음악/댄스/가수],K-Tigers TV,141만,2억0225만,458
[음식/요리/레시피],엠브로 MBRO,141만,0,0
[음악/댄스/가수],시즌비시즌 Season B Season,140만,1억3719만,54
[TV/방송],동네놈들,140만,3억0128만,273
[BJ/인물/연예인],급식왕,140만,15억4854만,627
[BJ/인물/연예인],철구형 (CHULTUBE),140만,12억7716만,"6,891"
[애완/반려동물],[THE SOY]루퐁이네,139만,4억0333만,315
[TV/방송],MKTV 김미경TV,139만,2억5782만,"1,624"
[TV/방송],Solfa,139만,2억1251만,49
[TV/방송],KBS HUMAN: 뭉클티비,138만,7억0149만,"3,388"
[교육/강의],사물궁이 잡학지식,138만,2억1918만,278
[음악/댄스/가수],AOMGOFFICIAL,137만,2억8276만,333
[BJ/인물/연예인],NALU,137만,1억0230만,153
[뉴스/정치/사회],SBS STORY,136만,17억1299만,"78,745"
[음악/댄스/가수],워너뮤직코리아 (Warner Music Korea),136만,7억7589만,"2,405"
[음악/댄스/가수],BEAST 비스트 (Official YouTube Channel),136만,5억8172만,118
[음식/요리/레시피],산적TV 밥굽남,136만,2억7768만,534
[TV/방송],Mera,136만,11억8489만,"7,536"
[BJ/인물/연예인],JAYKEEOUT,136만,1억7955만,210
[키즈/어린이],티디키즈 by 지니키즈,135만,8억7207만,389
[미분류],식빵언니 김연경Bread Unnie,134만,7250만,54
[뉴스/정치/사회],세바시 강연 Sebasi Talk,133만,2억7795만,"1,983"
[TV/방송],BLACKHAND,132만,3억2182만,50
[뉴스/정치/사회],KBS News,132만,18억4453만,"176,159"
[BJ/인물/연예인],박막례 할머니 Korea Grandma,132만,3억9501만,428
[BJ/인물/연예인],신세경 sjkuksee,131만,4563만,33
[음악/댄스/가수],Apink (에이핑크),131만,3억5011만,624
[BJ/인물/연예인],꽈뚜룹,131만,3억9954만,720
[교육/강의],jannahkorea 잔나코리아,131만,1억1666만,414
[영화/만화/애니],CheezeFilm,130만,3억5485만,202
[키즈/어린이],뉴욕이랑 컬러,130만,4억6795만,506
[음악/댄스/가수],AOA (에이오에이),130만,6억7336만,194
[키즈/어린이],헬로카봇 - hello carbot official,129만,11억6990만,"1,133"
[취미/라이프],탱구TV,129만,4586만,27
[BJ/인물/연예인],정선호,129만,4억7076만,421
[TV/방송],dingo global DGG,128만,3억8608만,393
[키즈/어린이],깨비키즈 [KEBIKIDS],128만,13억9647만,"1,711"
[패션/미용],lamuqe,128만,1억1742만,270
[애완/반려동물],강형욱의 보듬TV - Dog Trainer Kang,128만,2억2550만,695
[TV/방송],딩고 스토리 / dingo story,128만,2억8349만,334
[음악/댄스/가수],GENIE MUSIC,127만,4억3188만,"3,926"
[취미/라이프],낄낄상회,126만,3억1747만,225
[음악/댄스/가수],선미 SUNMI,126만,2억4582만,147
[음악/댄스/가수],ONEUS,126만,1억8209만,334
[음악/댄스/가수],Prepix Dance Studio,126만,2억1808만,"3,883"
[음악/댄스/가수],RealVIXX,126만,3억6597만,724
[TV/방송],디스커버리 서바이벌 - Discovery Survival,126만,3억5026만,382
[교육/강의],체인지그라운드,126만,2억2985만,"3,079"
[TV/방송],Beginagain 비긴어게인,125만,4억7947만,880
[음악/댄스/가수],2PM,125만,3억5887만,410
[음악/댄스/가수],Dreamcatcher official,124만,3억1193만,367
[음식/요리/레시피],취미로 요리하는 남자 Yonam,124만,1억0227만,68
[게임],악어 유튜브,124만,13억7837만,"6,322"
[영화/만화/애니],김시선,124만,3억9053만,369
[스포츠/운동],Shoot for Love 슛포러브,124만,6억5788만,723
[TV/방송],피키픽처스 Piki Pictures,123만,4억4805만,569
[게임],우왁굳의 게임방송,122만,9억6747만,"7,267"
[애완/반려동물],크집사,122만,1억8566만,284
[음식/요리/레시피],파뿌리,122만,10억1409만,"1,325"
[BJ/인물/연예인],임영웅,121만,9억7123만,573
[교육/강의],seemile Korean 씨마일 한국어,121만,8942만,"1,104"
[TV/방송],14F 일사에프,121만,3억8281만,"2,230"
[TV/방송],놀면 뭐하니?,121만,4억2378만,578
[TV/방송],eaJ,121만,4771만,31
[음식/요리/레시피],스윗더미 . Sweet The MI,121만,1억1678만,318
[음악/댄스/가수],official A.C.E,121만,1억5829만,548
[BJ/인물/연예인],턱형 (GOD-TUK),120만,4억2360만,529
[뉴스/정치/사회],채널A 뉴스,120만,14억2934만,"60,862"
[게임],우주하마,120만,5억9431만,"1,794"
[교육/강의],Talk To Me In Korean,120만,5818만,"1,696"
[음식/요리/레시피],DICKHUNTER딕헌터🌶,120만,2억9675만,374
[패션/미용],다또아Daddoa,119만,9232만,185
[BJ/인물/연예인],Lia Kim,119만,6595만,53
[패션/미용],회사원A,119만,3억8652만,504
[취미/라이프],휘트니 whitney bae,119만,2억9976만,317
[게임],테스터훈 TesterHoon,119만,7억6715만,"2,299"
[BJ/인물/연예인],수상한녀석들,119만,2억4541만,167
[미분류],INTHESOOP_TV,117만,1865만,13
[음악/댄스/가수],SEVENTEEN Japan official Youtube,117만,1억8668만,107
[TV/방송],sNack!,117만,8억9943만,"1,857"
[음악/댄스/가수],TJ KARAOKE TJ 노래방 공식 유튜브채널,117만,13억1555만,"55,072"
[TV/방송],Coreaníssima 엘레나,117만,7675만,166
[음악/댄스/가수],MOVE Dance Studio 무브댄스학원,117만,2억3813만,"2,347"
[뉴스/정치/사회],사람사는세상노무현재단,117만,1억1769만,791
[TV/방송],달라스튜디오,116만,1억2845만,75
[영화/만화/애니],PLAYY ANI 플레이애니,116만,4억6741만,621
[BJ/인물/연예인],ondo온도,116만,1억1399만,169
[TV/방송],오분순삭,115만,11억6962만,"1,505"
[TV/방송],잼스터,115만,3억1841만,358
[TV/방송],CJ ENM,115만,17억4219만,"14,900"
[BJ/인물/연예인],소련여자 Soviet girl in Seoul,114만,1억5274만,99
[음악/댄스/가수],DaftTaengk,114만,6억6776만,"5,278"
[키즈/어린이],미니카 Minicar,114만,6억6345만,"1,649"
[TV/방송],그것이 알고싶다 공식계정,113만,2억8520만,512
[게임],침착맨,113만,6억7256만,"5,879"
[취미/라이프],Squash Clay 쪼물쪼물 클레이,113만,1억9406만,451
[BJ/인물/연예인],Cheri Hyeri 체리 혜리,113만,1억5621만,357
[교육/강의],조승연의 탐구생활,112만,7836만,193
[음식/요리/레시피],야식이,112만,3억9154만,"1,206"
[음악/댄스/가수],YGTAEYANG,112만,6029만,26
[TV/방송],티캐스트 tcast,112만,12억8096만,"9,317"
[음식/요리/레시피],우리의식탁 W TABLE,112만,8366만,346
[음식/요리/레시피],야식이,112만,3억9154만,"1,206"
[음식/요리/레시피],애주가TV참PD,112만,5억0584만,"1,090"
[애완/반려동물],haha ha,112만,3억7365만,413
[음악/댄스/가수],CLC 씨엘씨 (Official YouTube Channel),111만,2억1486만,187
[TV/방송],오킹TV,111만,4억1742만,"1,209"
[영화/만화/애니],Tooniverse-투니버스,111만,7억8327만,"3,809"
[뉴스/정치/사회],TBS 시민의방송,111만,8억6881만,"34,585"
[음식/요리/레시피],맛있는 녀석들 (Tasty Guys),111만,12억0287만,"3,048"
[국내/해외/여행],코이티비KOITV,111만,7억1014만,"1,222"
[미분류],디글 :Diggle,110만,21억0249만,"12,796"
[TV/방송],KBS CoolFM,110만,5억3143만,"8,232"
[키즈/어린이],woojoo우주,110만,3억5862만,85
[게임],혜안,110만,3억9055만,747
[음식/요리/레시피],먹어볼래TryToEat,110만,1억5844만,193
[게임],릴카,110만,3억7848만,878
[미분류],SiriusXM,109만,7억0130만,"6,066"
[음악/댄스/가수],강다니엘 KANGDANIEL,109만,1억7574만,113
[음식/요리/레시피],BenDeen,109만,1억3714만,283
[음악/댄스/가수],PLEDIS ENTERTAINMENT,109만,2억7584만,250
[TV/방송],한문철 TV,109만,9억2561만,"12,719"
[음악/댄스/가수],UPVOTE Entertainment,109만,2억5780만,"1,293"
[취미/라이프],rappeler하쁠리,109만,4억1818만,678
[주식/경제/부동산],미래에셋 스마트머니,108만,8830만,"1,041"
[음식/요리/레시피],이 남자의 cook,108만,1억9436만,524
[주식/경제/부동산],[삼성증권] Samsung POP,108만,1억0616만,884
[회사/오피셜],미스&미스터트롯 공식계정,108만,8억0627만,"2,943"
[TV/방송],V LIVE,108만,6억3045만,"2,755"
[TV/방송],Dingo K-Drama,108만,1억9546만,411
[키즈/어린이],마이린 TV,108만,7억3225만,"2,253"
[BJ/인물/연예인],성수커플 - S.S Couple,108만,3억2296만,386
[TV/방송],뻑가 PPKKa,107만,6억2653만,706
[취미/라이프],효기심,107만,1억3158만,176
[음악/댄스/가수],CNBLUE (씨엔블루),106만,2억1167만,181
[TV/방송],SK telecom,106만,8억8181만,"2,297"
[TV/방송],sankok esl,106만,874만,99
[BJ/인물/연예인],조섭 Jossup,106만,4억4408만,"1,182"
[애완/반려동물],정브르,106만,4억8166만,"1,481"
[BJ/인물/연예인],Sibongtv 시봉tv,106만,6284만,277
[음악/댄스/가수],MORE THAN YOUTH,105만,2억4853만,700
[음악/댄스/가수],Rock Music,105만,5억5897만,"7,689"
[게임],겜브링 GGAM BRING,105만,11억5661만,"2,051"
[음식/요리/레시피],핫도그TV,105만,7억2945만,870
[TV/방송],이슈텔러 issueTeller,105만,4억4938만,564
[TV/방송],밍꼬발랄Mingggo,105만,12억8537만,857
[패션/미용],써니채널 Sunny's Channel,104만,9463만,162
[패션/미용],kiu기우쌤,104만,2억8237만,311
[음악/댄스/가수],빅마블,104만,819만,9
[음식/요리/레시피],얌무YAMMoo,104만,2억0230만,592
[교육/강의],법륜스님의 즉문즉설,103만,6억7276만,"1,786"
[뉴스/정치/사회],비디오머그 - VIDEOMUG,103만,16억9646만,"5,029"
[영화/만화/애니],드림텔러(DreamTeller),103만,4억7383만,488
[BJ/인물/연예인],소근커플 S.K.Couple,103만,3억5858만,393
[취미/라이프],Bandung Oppa 반둥오빠,103만,8392만,346
[스포츠/운동],힙으뜸,102만,1억7037만,326
[키즈/어린이],브레드이발소,102만,4억3580만,622
[게임],킴성태TV,102만,6억8501만,"1,604"
[취미/라이프],츄팝,102만,4억6610만,456
[영화/만화/애니],DinoCore TUBA,101만,6억9891만,894
[키즈/어린이],JoyKids,101만,5억6593만,149
[교육/강의],공부의신 강성태,101만,2억6164만,"2,568"
[음악/댄스/가수],SUPER SOUND Bugs!,101만,6억4546만,"2,958"
[영화/만화/애니],B Man 삐맨,101만,4억7729만,504
[BJ/인물/연예인],헌터퐝,100만,1억9456만,253
[영화/만화/애니],달빛뮤즈,100만,2억1614만,382
[게임],기리TV,100만,9억7911만,"2,539"
[게임],쁘허,100만,3억5223만,940
[TV/방송],딩고 / dingo,99만,3억2640만,667
[IT/기술/컴퓨터],약사가 들려주는 약 이야기,99만,1억1527만,445
[TV/방송],우와한 비디오,99만,10억8532만,"1,128"
[미분류],수빙수tv sooBingsoo,98만,2억8178만,246
[BJ/인물/연예인],유준호,98만,4억2043만,"1,238"
[취미/라이프],집꾸미기,98만,9159만,218
[미분류],히밥heebab,97만,2억2588만,334
[TV/방송],모비딕 Mobidic,97만,2억9717만,"1,161"
[취미/라이프],Kim Miso,97만,5613만,289
[영화/만화/애니],Puuung,97만,4566만,301
[취미/라이프],ColorMonsters Toy,97만,5억4487만,"1,040"
[미분류],논리왕 전기,97만,9717만,80
[게임],램램TV,97만,7억8705만,"2,168"
[미분류],채꾸똥꾸 (Cherry & Dong),97만,2억5189만,268
[취미/라이프],제이제이살롱드핏,97만,1억8007만,415
[게임],텔론,97만,8억8931만,"3,084"
[음식/요리/레시피],SOF,97만,3억5495만,"1,506"
[게임],코너Korner,97만,5억7834만,575
[스포츠/운동],말왕TV,96만,3억2930만,878
[미분류],MayTree,96만,1억1478만,137
[뉴스/정치/사회],KBS 다큐,96만,5억6035만,"49,719"
[해외],TNT,95만,5억9517만,"4,321"
[음악/댄스/가수],일반인들의 소름돋는 라이브 / Best covers,94만,3억7460만,"3,686"
[키즈/어린이],마시따 MASITTA,94만,5억5429만,216
[키즈/어린이],퍼플 토이박스(Purple Toy Box),94만,5억8173만,"1,342"
[음악/댄스/가수],장범준,94만,3억4879만,504
[게임],액션홍구,94만,5억2518만,"2,903"
[TV/방송],키에커,94만,2억6060만,151
[뉴스/정치/사회],SBS Radio 에라오,93만,4억9821만,"15,891"
[TV/방송],유병재,93만,1억1166만,124
[BJ/인물/연예인],남순 NS,93만,9억0695만,"3,517"
[음악/댄스/가수],KIM HYUN JOONG.official,93만,1억1576만,317
[게임],마재TV,93만,6억4962만,"3,796"
[BJ/인물/연예인],(MUTUBE)와꾸대장봉준,93만,8억0264만,"7,658"
[게임],잉여맨 유튜브,92만,8억0601만,"2,049"
[뉴스/정치/사회],뉴스TVCHOSUN,92만,6억7902만,"63,744"
[음식/요리/레시피],삼대장 Samdaejang,92만,4억8762만,"1,052"
[TV/방송],YG TREASURE BOX,91만,2억4975만,496
[BJ/인물/연예인],띠미 ddimmi,91만,3억4194만,703
[키즈/어린이],Boram Tube Friends,91만,731만,73
[음식/요리/레시피],가르마[GARMA],91만,2억5739만,"1,110"
[패션/미용],디렉터 파이,91만,1억2272만,259
[게임],괴물쥐 유튜브,91만,6억0497만,848
[게임],유키 YOUKI,91만,2억0676만,889
[미분류],연스커플 Yeon's Couple,91만,1억5076만,223
[BJ/인물/연예인],U.M.A.우마,91만,2억1338만,137
[TV/방송],배꼽빌라,90만,2억7413만,375
[음악/댄스/가수],ALiEN,90만,1억7915만,257
[게임],테드TV,90만,7억9385만,"2,173"
[미분류],Louis Vuitton,90만,3억9002만,278
[패션/미용],윤쨔미 YoonCharmi,89만,2억3312만,321
[패션/미용],Saerom Min개코의 오픈스튜디오,89만,9929만,146
[BJ/인물/연예인],슛뚜sueddu,89만,4246만,173
[음악/댄스/가수],MUPLY 뮤플리,89만,2억1729만,419
[영화/만화/애니],LICO TV,89만,1억2707만,186
[게임],군림보,89만,5억9585만,"4,772"
[TV/방송],김이브님 [kim eve],89만,6억3040만,"2,836"
[키즈/어린이],토깽이네,89만,8억6509만,"1,358"
[애완/반려동물],Girls Planet,88만,2억8765만,377
[영화/만화/애니],WatchcarTV,88만,4억1173만,201
[미분류],핏블리 FITVELY,88만,2억0300만,561
[뉴스/정치/사회],배승희 변호사,88만,3억9733만,"1,192"
[미분류],김소형 채널H,88만,1억5300만,743
[뉴스/정치/사회],신인균의 국방TV,87만,4억0392만,"1,541"
[음악/댄스/가수],MUSIC&NEW 뮤직앤뉴,87만,9억2624만,"6,766"
[미분류],공부왕찐천재 홍진경,87만,7729만,75
[미분류],밀라논나 Milanonna,87만,5366만,79
[음악/댄스/가수],SF9,87만,6331만,264
[국내/해외/여행],Sophie Kim _하은,87만,2793만,117
[미분류],김작가 TV,87만,1억6085만,"1,252"
[게임],머독방송,87만,7억7574만,"11,373"
[미분류],미션 파서블,86만,9879만,92
[미분류],사피엔스 스튜디오,86만,2억3928만,"2,638"
[키즈/어린이],POYO Music Official,86만,6억6092만,"1,434"
[키즈/어린이],액션 Action,86만,4억1717만,"1,588"
[음악/댄스/가수],missA,86만,3억6064만,49
[키즈/어린이],뚜아뚜지TV,86만,3억5740만,"1,211"
[취미/라이프],달려라치킨 Dalchi,86만,2억1393만,590
[게임],연다,86만,5억1654만,"1,798"
[TV/방송],옛능 : MBC 옛날 예능 다시보기,85만,10억3700만,"2,050"
[해외],Variety,85만,4억0999만,"4,041"
[뉴스/정치/사회],MBN News,85만,8억6707만,"95,013"
[음악/댄스/가수],TSENT2008,84만,3억8071만,445
[키즈/어린이],Toystar TV,84만,3억4242만,72
[회사/오피셜],SM C&C STUDIO,84만,1억0082만,476
[게임],울산큰고래 박성주,84만,6억2224만,"3,096"
[음식/요리/레시피],고기남자 MeatMan,84만,1억0324만,68
[음악/댄스/가수],ALL THE K-JAM 올더케이잼,84만,8억5667만,"13,428"
[음악/댄스/가수],HOLLAND,84만,2942만,28
[뉴스/정치/사회],딴지방송국,84만,1억8930만,639
[애완/반려동물],냥이아빠,83만,2억8000만,444
[TV/방송],라이프타임,83만,3억0437만,"1,523"
[음식/요리/레시피],뽐뽐뽐,83만,6394만,175
[미분류],임한올 Hanol Rim,83만,8833만,139
[TV/방송],z a m,83만,5억7017만,"1,777"
[패션/미용],Jella젤라,83만,5595만,185
[교육/강의],라이브 아카데미,83만,7402만,458
[영화/만화/애니],Hello Jadoo TV 안녕 자두야,82만,3억0754만,467
[영화/만화/애니],리뷰엉이: Owl's Review,82만,2억9818만,449
[BJ/인물/연예인],강유미 yumi kang좋아서 하는 채널,82만,1억8596만,310
[게임],돼지저금통,82만,13억6436만,"5,472"
[영화/만화/애니],빨강도깨비,82만,3억2514만,330
[BJ/인물/연예인],쿠쿠크루 - Cuckoo Crew,82만,4억4973만,616
[음식/요리/레시피],서담SEODAM,82만,1억4598만,230
[IT/기술/컴퓨터],1분과학,82만,7570만,60
[미분류],1분미만,82만,1억6976만,118
[IT/기술/컴퓨터],의학채널 비온뒤,82만,1억7783만,"4,248"
[키즈/어린이],고고다이노-GOGO DINO,82만,6억0006만,801
[음악/댄스/가수],CL,81만,5661만,5
[게임],개리형,81만,3억0961만,544
[취미/라이프],Mimine Miniature 미미네 미니어처,81만,1억5781만,162
[TV/방송],Mdromeda KPOP,81만,2억3840만,447
[TV/방송],이환,81만,2억5901만,334
[TV/방송],Megan Moon,81만,1억2819만,516
[패션/미용],UNA 유나,81만,6408만,148
[음악/댄스/가수],Jenny Yun,81만,1억1465만,554
[해외],ZeeKay Junior,80만,8억1031만,841
[TV/방송],fantagio 판타지오,80만,1억7565만,213
[음악/댄스/가수],PARK JIHOON Official,80만,3903만,170
[BJ/인물/연예인],SUNBA선바,80만,9억5018만,"2,219"
[영화/만화/애니],신비아파트 공식채널 - Shinbi House,80만,4억4293만,"1,052"
[패션/미용],areumsongee아름송이,80만,6617만,177
[미분류],TOP MEDIA,80만,1억5960만,497
[키즈/어린이],리틀조이 LittleJoy,79만,2억2177만,194
[음악/댄스/가수],OFFICIAL EPIK HIGH,79만,2억2486만,208
[TV/방송],리모콘 by iHQ,79만,6억8670만,"5,030"
[TV/방송],준우,79만,1억8178만,157
[영화/만화/애니],9bul,79만,2억2723만,201
[미분류],Rolling Stone,79만,2억5240만,"2,874"
[게임],Partition Zion,79만,3억4030만,919
[패션/미용],한별Hanbyul,78만,1억2429만,272
[미분류],Jin & Juice,78만,1억2856만,167
[음식/요리/레시피],THE BOB - 더 밥 스튜디오,78만,5328만,502
[TV/방송],찬우살이,78만,2770만,140
[BJ/인물/연예인],StimBoy스팀보이,78만,3억6465만,649
[음악/댄스/가수],• m i n a m o c h i •,78만,3억3807만,118
[TV/방송],STUDIO DIA 스튜디오 다이아,78만,2억0113만,506
[영화/만화/애니],람다람,78만,8455만,60
[TV/방송],옐언니,78만,1억8634만,331
[음악/댄스/가수],HyunA 현아 (Official YouTube Channel),78만,9864만,10
[국내/해외/여행],빠니보틀 Pani Bottle,78만,1억5264만,210
[미분류],하하 PD HAHA PD,77만,3756만,70
[주식/경제/부동산],E트렌드,77만,6857만,"1,346"
[뉴스/정치/사회],조선일보,77만,4억1540만,"12,856"
[음악/댄스/가수],BRANDNEW MUSIC,77만,2억6238만,"1,236"
[키즈/어린이],메카드 - MECARD OFFICIAL,77만,6억0302만,"1,170"
[애완/반려동물],속삭이는몽자,77만,1억8559만,449
[미분류],토모토모TomoTomo,77만,1억1386만,112
[TV/방송],TongTongTv 통통컬처,77만,5억3516만,"11,209"
[게임],김왼팔,77만,4억7081만,"2,106"
[게임],Dorami,77만,1억8879만,"1,056"
[BJ/인물/연예인],케이,77만,5억0126만,"3,127"
[음악/댄스/가수],wondergirls,77만,4억0515만,217
[게임],T1,77만,2억0986만,"2,547"
[TV/방송],이라이라경 ravely,77만,2억0545만,326
[음악/댄스/가수],H1GHR MUSIC,76만,2억0313만,457
[취미/라이프],공대생가족 GDSF,76만,3억1157만,"1,226"
[미분류],엄마의손맛,76만,1억5193만,546
[뉴스/정치/사회],엠빅뉴스,76만,15억7344만,"3,690"
[미분류],양장금주부,76만,1억5410만,542
[TV/방송],히스토리,76만,4억7812만,"1,782"
[미분류],SISSEL,76만,3604만,209
[TV/방송],POWER MOVIE,76만,2억2452만,217
[키즈/어린이],주니토니 동요동화 - 키즈캐슬,76만,6억9152만,575
[애완/반려동물],다흑,75만,4억7679만,"2,341"
[키즈/어린이],ToyCheff,75만,3억5415만,447
[게임],탁주 TV,75만,15억1852만,"1,988"
[키즈/어린이],Robot Trains official,75만,5억5345만,744
[게임],GCL 지씨엘,75만,1억9367만,302
[미분류],뽀송한 준_bosungjun,75만,4798만,87
[TV/방송],Zaty Farhani,75만,8억0148만,"1,643"
[TV/방송],KBS N,74만,12억2503만,"13,419"
[뉴스/정치/사회],빽능 - 스브스 옛날 예능,74만,8억3195만,"3,270"
[TV/방송],타임스낵,74만,1억8792만,195
[패션/미용],리아루아 LIALUA,74만,2억0595만,314
[미분류],랄로,74만,2억3078만,348
[BJ/인물/연예인],bobaepapa - 보배아빠,74만,3억3292만,334
[교육/강의],법륜스님의 희망세상만들기,73만,3억6594만,724
[패션/미용],Yoo's Beauty 희주,73만,2263만,105
[TV/방송],Travel Tube,73만,7억5487만,"1,364"
[TV/방송],LDF TV by lottedutyfree,73만,5억6257만,"1,246"
[패션/미용],yeondukong 연두콩,73만,9689만,367
[미분류],ROKSEAL,73만,7060만,79
[미분류],CU [씨유튜브],73만,1861만,211
[미분류],Golden Disc Awards,73만,1억8857만,501
[패션/미용],sunnydahye,73만,5041만,334
[음악/댄스/가수],HYOLYN 효린,73만,1억3388만,111
[미분류],지켜츄 Chuu Can Do It,73만,3951만,57
[애완/반려동물],시바견 곰이탱이여우,73만,3억5575만,"1,185"
[BJ/인물/연예인],송대익 songdaeik,73만,3억7625만,439
[TV/방송],스튜디오 룰루랄라- studio lululala,72만,1억9090만,890
[게임],러너꽃빈TV,72만,5억8928만,"3,155"
[TV/방송],핫소스,72만,4억5549만,461
[영화/만화/애니],UTZI웃지,72만,3억9787만,242
[음식/요리/레시피],띠예,72만,8228만,39
[TV/방송],Kyunghamin твоя корейская онни,72만,6307만,329
[교육/강의],닥터프렌즈,72만,1억3481만,496
[음악/댄스/가수],DKDKTV,72만,1억5367만,"1,097"
[음악/댄스/가수],VICTON 빅톤,72만,1억4160만,666
[음악/댄스/가수],B1A4 OFFICIAL +,72만,1억8404만,317
[미분류],천뚱TV,72만,6428만,32
[뉴스/정치/사회],전옥현 안보정론TV,72만,3억3197만,"4,226"
[취미/라이프],DanoTV,72만,1억3512만,570
[뉴스/정치/사회],KBS 교양,72만,5억5807만,"66,626"
[미분류],랭킹스쿨 Ranking School,72만,3억6912만,647
[음악/댄스/가수],Yuni Marimba 유니 마림바,72만,9223만,103
[음악/댄스/가수],Healing Meditation,72만,7080만,212
[음악/댄스/가수],MBC WORLD,71만,5억4154만,"4,756"
[BJ/인물/연예인],대륙남TV [clark tv],71만,3억9339만,"3,027"
[미분류],leeminho film,71만,1076만,14
[게임],스페셜솔져 - 모바일FPS,71만,1504만,137
[음식/요리/레시피],윰댕(yum-cast),71만,5억1637만,"3,231"
[키즈/어린이],지호토이TV JIHOTOY,71만,5억6264만,"1,847"
[BJ/인물/연예인],외질혜 (OzilTube),71만,4억3384만,"1,587"
[TV/방송],나혼자산다 STUDIO,71만,2억2335만,287
[패션/미용],헤이즐 Heizle,71만,7453만,290
[음악/댄스/가수],HEADLINER,71만,1억6786만,186
[음악/댄스/가수],SonyToby,71만,7180만,94
[미분류],이재성 박사의 식탁보감,71만,5490만,229
[음악/댄스/가수],Official fromis_9,71만,2억1126만,486
[TV/방송],뉴스엔·NewsenTV·KOREA Entertainment news,70만,2억4140만,"8,396"
[뉴스/정치/사회],채널A 뉴스TOP10,70만,5억7089만,"16,082"
[교육/강의],THE J,70만,1억2354만,535
[키즈/어린이],ToyMoon토이문,70만,2억6213만,251
[뉴스/정치/사회],연합뉴스TV,70만,9억1813만,"362,555"
[뉴스/정치/사회],가로세로연구소,70만,4억5293만,"2,913"
[취미/라이프],Soy ASMR,70만,1억4138만,435
[음악/댄스/가수],임창정,69만,1억9745만,294
[회사/오피셜],KB국민카드,69만,2억1957만,512
[TV/방송],김달,69만,2억2797만,729
[게임],Charming Jo 조매력,69만,1억8822만,"1,150"
[미분류],육식맨 YOOXICMAN,69만,1억0968만,99
[TV/방송],smile -wA-,69만,5억1761만,"5,323"
[영화/만화/애니],Sechi,69만,2억2319만,267
[미분류],이리오너라,69만,4837만,"1,555"
[음악/댄스/가수],TEEN TOP Official,69만,1억9631만,775
[미분류],함께해요 맛나요리,69만,1억5839만,424
[키즈/어린이],코코몽 COCOMONG TV - Cartoon & Song For Kids,69만,8억4843만,"1,188"
[음식/요리/레시피],인아짱 Inah Eats,69만,1억4507만,997
[BJ/인물/연예인],긱블 Geekble,69만,1억7651만,300
[미분류],뀨러기 [kkyuleogi],69만,1억7770만,240
[영화/만화/애니],DAZBEE official,69만,2억3812만,121
[영화/만화/애니],써리의 영상툰 SSULY TOON,69만,4억6717만,945
[패션/미용],에바EVA,69만,1억0104만,299
[음악/댄스/가수],LJ Dance,68만,9182만,"1,744"
[TV/방송],시미켄 TV,68만,9459만,89
[음악/댄스/가수],MBK Entertainment [Official],68만,3억8726만,417
[키즈/어린이],애니한TV AnnieHanTV,68만,6억4543만,"1,145"
[미분류],방가네,68만,1억5376만,182
[국내/해외/여행],EBS 컬렉션 - 라이프스타일,68만,4억0731만,"2,907"
[키즈/어린이],로보카폴리 TV,68만,4억2331만,"1,045"
[음악/댄스/가수],PianiCast - 피아니캐스트,68만,1억7192만,106
[게임],문호준,68만,4억1951만,"1,046"
[BJ/인물/연예인],난쟁이성현,68만,1억7203만,678
[뉴스/정치/사회],이봉규TV,68만,4억2547만,"6,765"
[미분류],이슈왕 TV,68만,3억4037만,997
[패션/미용],김습습Double Soup,68만,5270만,274
[미분류],DAWN,68만,4627만,33
[취미/라이프],ASMR Ouvir 오비르,68만,1억1429만,149
[미분류],랄랄ralral,68만,1억1809만,324
[미분류],웅이woongei,68만,1억4282만,264
[뉴스/정치/사회],스브스뉴스 SUBUSU NEWS,68만,7억0792만,"2,495"
[음악/댄스/가수],Bigman,68만,5333만,45
[TV/방송],SIMI TV,68만,8017만,76
[미분류],SM STATION,67만,4300만,90
[키즈/어린이],간니닌니 다이어리,67만,6억0445만,"1,762"
[뉴스/정치/사회],Newstapa,67만,2억3417만,"3,750"
[게임],밍모,67만,4억2713만,"1,416"
[뉴스/정치/사회],펜앤드마이크TV,67만,4억6732만,"10,522"
[음식/요리/레시피],권회훈,67만,2억6905만,"1,273"
[미분류],주부나라,67만,1억5022만,763
[게임],김성회의 G식백과,67만,1억4391만,217
[TV/방송],제이제이,67만,1억9656만,501
[패션/미용],새벽,67만,9330만,505
[취미/라이프],미니미니 MiniMini,67만,3억1838만,326
[TV/방송],레바스튜디오,66만,2억8658만,420
[TV/방송],덕출 : DCTVGO,66만,1억7261만,314
[미분류],815머니톡,66만,1억6213만,"2,624"
[미분류],과나gwana,66만,8830만,76
[게임],강 지,66만,4억8071만,"1,072"
[음악/댄스/가수],조싀앤바믜 Josh & Bamui,66만,1억8039만,193
[TV/방송],백만뷰,66만,4억4818만,"9,311"
[교육/강의],입시덕후,66만,2억6823만,398
[음악/댄스/가수],GIRL'S DAY,66만,2억4594만,150
[패션/미용],Ha Neul오늘의 하늘,66만,1억0185만,284
[음식/요리/레시피],Team_SeikaTV(팀세이카),66만,1억3286만,115
[BJ/인물/연예인],깨박이,66만,3억7440만,"1,248"
[미분류],스토리,66만,8962만,39
[패션/미용],로즈하ROSEHA,65만,7118만,176
[미분류],직업의모든것,65만,2억2493만,294
[TV/방송],김용호연예부장,65만,1억2150만,256
[패션/미용],Dear.Jerry제리,65만,4178만,153
[뉴스/정치/사회],한국경제TV,65만,2억0447만,"49,733"
[패션/미용],LENA,65만,1억3387만,136
[BJ/인물/연예인],요리왕비룡 Korean Food Cooking,65만,1억3112만,584
[게임],수탉,65만,3억0872만,"1,310"
[TV/방송],PANGKICK 팡킥,65만,2억1490만,85
[음식/요리/레시피],키미 Kimi,65만,4536만,91
[키즈/어린이],뿌직PPUJIG,65만,4억8725만,425
[게임],Official Dopa,65만,2억9130만,"1,220"
[음식/요리/레시피],허미노MINO,65만,2억4492만,"1,670"
[주식/경제/부동산],코스픽(KosPick),64만,2411만,"1,182"
[음식/요리/레시피],입질의추억TV jiminTV,64만,1억8868만,320
[TV/방송],걍밍경,64만,3692만,34
[패션/미용],금강연화,64만,2억4077만,621
[미분류],송슐랭 가이드 - SONGCHELIN GUIDE,64만,1885만,110
[스포츠/운동],JK 아트사커 온라인,64만,2억2469만,409
[영화/만화/애니],CK Animation School_2016-2018,64만,2억0534만,698
[패션/미용],Q2HAN,64만,6930만,697
[주식/경제/부동산],부동산 읽어주는 남자,64만,6528만,464
[자동차],우파푸른하늘Woopa TV,64만,3억3901만,947
[TV/방송],tweety 트위티,64만,7266만,153
[영화/만화/애니],홍시네마,64만,2억0353만,156
[미분류],지식한입,63만,4301만,54
[음악/댄스/가수],BELLA&LUCAS 벨라앤루카스,63만,7479만,290
[게임],유소나,63만,1억9937만,709
[미분류],검은고양이 다홍 Blackcat Dahong,63만,3654만,44
[미분류],꼰대희,63만,9671만,104
[IT/기술/컴퓨터],테크몽 Techmong,63만,8674만,341
[게임],퀸톨 TV,63만,4억6404만,"2,067"
[BJ/인물/연예인],김도고 Doggo Kim,63만,1억5771만,153
[게임],LCK,63만,4억9228만,"3,893"
[TV/방송],Spinel CAM,63만,6억7573만,"8,576"
[키즈/어린이],손오공,63만,6억4744만,729
[취미/라이프],여정을떠난여정,63만,1억3632만,285
[패션/미용],도영도영이,62만,4351만,162
[미분류],팩토리,62만,5648만,27
[미분류],deemd 딤디,62만,6070만,141
[미분류],쏘대장,62만,1억2243만,309
[미분류],단하나 DANHANA,62만,1억0625만,87
[미분류],지기TV,62만,1억4720만,703
[TV/방송],OCN,62만,5억7258만,"11,771"
[미분류],나르앤나르시Nar.Couple,62만,6954만,130
[패션/미용],会社員J,62만,1억2295만,391
[TV/방송],매미킴 TV,62만,1억5659만,248
[TV/방송],Rio y Christian,62만,5448만,294
[음악/댄스/가수],정동원TV,62만,2억2089만,263
[음악/댄스/가수],다이아나Diana,62만,1억7087만,"1,773"
[게임],저라뎃 JUSTLIKETHAT,62만,5억6190만,"2,888"
[음악/댄스/가수],lEtudel,62만,2억4202만,"2,969"
[BJ/인물/연예인],예씨 yessii,62만,3억7695만,778
[미분류],Bravo jamoasi,61만,1억1550만,84
[패션/미용],소윤Soyoon,61만,5958만,154
[게임],코아 TV,61만,4억2653만,"1,031"
[게임],삼식,61만,2억2138만,"1,906"
[음식/요리/레시피],한식푸우 Korean food,61만,2억4368만,"1,578"
[TV/방송],샒의 삶Serim's life,61만,1억8571만,520
[음식/요리/레시피],맛상무,61만,2억3081만,"1,266"
[TV/방송],씨그널V [ Signal V ],61만,2억8935만,731
[미분류],캡틴 파추호 Captain PaChuHO,61만,3535만,50
[패션/미용],슈스스TV,61만,0,0
[키즈/어린이],지니어드벤쳐 GeniAdventure (공룡∙과학 Dinosaurs),61만,5억9230만,426
[IT/기술/컴퓨터],UNDERkg,61만,3억1548만,"2,288"
[미분류],지피티,61만,1억2648만,713
[영화/만화/애니],Netflix Korea 넷플릭스 코리아,61만,1억6433만,"1,339"
[TV/방송],MBC 미스터리 : 심야괴담회 X 서프라이즈,61만,2억6097만,"1,122"
[뉴스/정치/사회],성제준TV,61만,1억9273만,966
[음식/요리/레시피],sini시니,61만,2억2962만,672
[TV/방송],tvN 인사이트,60만,2억0719만,"1,736"
[패션/미용],골근위수영뷰티아카데미,60만,4억2807만,356
[키즈/어린이],뽀로로 타요 장난감 놀이교실,60만,3억8768만,807
[자동차],김한용의 MOCAR,60만,2억7166만,"1,158"
[음악/댄스/가수],노래하는코트,60만,3억1952만,"2,297"
[TV/방송],코니tv conitv,60만,9581만,432
[게임],눈쟁이,60만,2억4134만,"2,166"
[취미],여락이들_,60만,1억4085만,332
[미분류],짧은대본 ShortPaper,60만,1억2872만,129
[게임],TV대정령,60만,6억3421만,"7,454"
[미분류],과학드림 [Science Dream],60만,9669만,102
[음악/댄스/가수],FTISLAND (FT아일랜드),60만,1억3955만,145
[미분류],로하Roha,60만,7787만,108
[스포츠/운동],강하나 스트레칭_stretching,60만,5374만,293
[음식/요리/레시피],바다곰조해웅Seabear,60만,1억2602만,387
[미분류],영기티비,60만,9518만,223
[게임],로이조 TV,60만,4억3610만,"2,605"
[미분류],[윤이련]50년 요리비결,60만,1억4399만,305
[미분류],유 퀴즈 온 더 튜브,60만,2억3639만,"2,520"
[미분류],엠뚜루마뚜루 : MBC 공식 종합 채널,60만,6억9257만,"1,185"
[뉴스/정치/사회],MTN 머니투데이방송,59만,5억0901만,"56,166"
[미분류],할명수,59만,4361만,62
[미분류],STAYC,59만,1억2672만,100
[미분류],하알라,59만,1억3962만,190
[TV/방송],NICKY니키,59만,1억8486만,738
[게임],JUNE,59만,5억9364만,"1,293"
[취미/라이프],이연LEEYEON,59만,4021만,170
[게임],서넹,59만,2억1724만,"2,819"
[주식/경제/부동산],단희TV,59만,6555만,849
[TV/방송],티키틱 TIKITIK,59만,1억2161만,142
[미분류],깨방정,59만,1억7546만,364
[뉴스/정치/사회],팩트TV NEWS,59만,5억1527만,"19,645"
[취미/라이프],딩가의 회전목마 DINGA,59만,6928만,171
[패션/미용],leeanfilm리안,59만,4911만,184
[미분류],A24,58만,6억2189만,532
[취미/라이프],김나영의 nofilterTV,58만,1억0898만,310
[TV/방송],drighk fancam 2015,58만,4억3009만,"5,284"
[교육/강의],친절한 대학,58만,5600만,553
[미분류],양세브라더스,58만,2450만,16
[BJ/인물/연예인],상해기SangHyuk,58만,1억2967만,311
[애완/반려동물],김메주와 고양이들,58만,1억9318만,968
[TV/방송],Olive,58만,6억3953만,"17,128"
[해외],Ashley Mariee,58만,5622만,"2,046"
[TV/방송],MAXIM KOREA,58만,3억0666만,"2,033"
[BJ/인물/연예인],최홍철,58만,1억6205만,318
[음식/요리/레시피],더스쿱The SCOOP,58만,8530만,406
[게임],형독방송,58만,5억1571만,"1,840"
[TV/방송],KBS 같이삽시다,57만,2억7518만,"2,972"
[TV/방송],공돌이 용달,57만,1억6606만,197
[BJ/인물/연예인],엣지님,57만,1억9914만,"1,644"
[음악/댄스/가수],God DongMin갓동민,57만,9363만,996
[TV/방송],은하캠핑,57만,1억1104만,201
[키즈/어린이],Troom Troom Kr,57만,3억8159만,"1,883"
[취미/라이프],ConCorea TV,57만,1416만,625
[미분류],McDonald's,57만,1억2034만,204
[게임],진호,57만,3억0659만,"2,434"
[TV/방송],STATV,57만,1억8904만,"7,461"
[음악/댄스/가수],SUGA - Topic,57만,1만,1
[음식/요리/레시피],SINCOOK - 신쿡,57만,1억0392만,482
[뉴스/정치/사회],고성국TV,57만,2억7709만,"7,071"
[미분류],코믹마트,57만,1억8654만,227
[음악/댄스/가수],May J Lee 메이제이 리,57만,2861만,40
[BJ/인물/연예인],덕자전성시대,56만,6116만,140
[TV/방송],KBS Entertain: 깔깔티비,56만,7억9237만,"4,854"
[애완/반려동물],Arirang은 고양이들내가 주인,56만,1억6574만,381
[TV/방송],쌈바홍 ssambahong,56만,4109만,197
[미분류],[에일리 OFFICIAL] aileemusic,56만,8354만,112
[음악/댄스/가수],INFINITE,56만,3911만,158
[뉴스/정치/사회],쓸모왕,56만,4억1520만,657
[패션/미용],다영 DAYEONG,56만,7586만,354
[키즈/어린이],캐리TV 주니어,56만,6억2418만,"1,423"
[음식/요리/레시피],[Flower pig]꽃돼지,56만,1억9336만,"1,190"
[키즈/어린이],Clevr TV [클레버티비],56만,5억3285만,"1,769"
[취미/라이프],TAU,56만,3억4572만,103
[미분류],근황올림픽,56만,2억5767만,238
[TV/방송],석준이가해,56만,1억2577만,214
[음식/요리/레시피],정육왕 MeatCreator,56만,1억2774만,417
[음악/댄스/가수],TVXQ!,56만,3269만,70
[음악/댄스/가수],Reynah,55만,1억4538만,245
[음악/댄스/가수],온스테이지ONSTAGE,55만,2억3162만,"2,330"
[미분류],김흥미,55만,2억2006만,473
[음악/댄스/가수],Trouble Maker (Official YouTube Channel),55만,1억8546만,9
[미분류],규티비 KYUHYUN,55만,2150만,74
[영화/만화/애니],뭅뭅,55만,3억1712만,"3,192"
[패션/미용],아옳이,55만,9305만,152
[미분류],또모TOWMOO,55만,1억3307만,191
[미분류],Super K-슈퍼개미김정환,55만,5020만,447
[미분류],드립팩토리 [Dlib Factory],55만,1억8164만,174
[미분류],일주어터,55만,9263만,149
[뉴스/정치/사회],국방TV,55만,5억0417만,"11,174"
[BJ/인물/연예인],sojoong쏘야쭝아,55만,1억3710만,222
[미분류],에버랜드 - EVERLAND,55만,1억6778만,"1,979"
[음악/댄스/가수],달마발 Darlim&Hamabal,55만,1억3695만,157
[음악/댄스/가수],Mellowbeat Seeker,55만,824만,131
[BJ/인물/연예인],카페노예 jun,55만,3815만,76
[교육/강의],수린 suzlnne,55만,4230만,129
[교육/강의],Conversational Korean,55만,1522만,335
[취미/라이프],샬이 Shal.E,54만,2153만,60
[패션/미용],LeoJ Makeup,54만,7556만,254
[TV/방송],J.Y. Park,54만,8811만,90
[게임],꿀탱탱,54만,3억3841만,"2,514"
[패션/미용],DAISY 데이지,54만,4463만,139
[음악/댄스/가수],Flow Music,54만,1억1365만,490
[영화/만화/애니],소개해주는 남자,54만,1억6368만,223
[패션/미용],디렉터 짱구대디,54만,1억6924만,"1,725"
[미분류],Melon 멜론,54만,6745만,223
[뉴스/정치/사회],서울의소리 Voice of Seoul,54만,2억4436만,"7,542"
[TV/방송],레이디액션,54만,2억6535만,355
[미분류],BODA 보다,54만,2억5054만,731
[게임],자몽티비,54만,5억0191만,"2,059"
[미분류],free지아,54만,8458만,188
[게임],글자네 YouTube,54만,4억8352만,"3,179"
[애완/반려동물],아리둥절 Ari the Corgi,53만,1억5061만,234
[BJ/인물/연예인],풍자테레비,53만,2억3737만,"1,636"
[게임],프레이 TV,53만,2억6977만,"1,160"
[게임],빅헤드,53만,3억0370만,"3,468"
[음악/댄스/가수],DanalEntertainment,53만,2억8953만,"9,242"
[미분류],유이뿅YUIPYON,53만,1억3369만,303
[TV/방송],오마르의 삶,53만,8529만,416
[BJ/인물/연예인],Korean Studio,53만,4721만,171
[TV/방송],오예커플스토리,53만,8844만,156
[교육/강의],동심파괴,53만,1억4410만,361
[취미/라이프],희철리즘Heechulism,53만,1억3598만,252
[뉴스/정치/사회],뉴스타운TV,53만,1억2533만,"4,573"
[음식/요리/레시피],스튜디오 쿠캣 - COOKAT,53만,2억0837만,"1,682"
[교육/강의],1등 미디어,53만,2억3632만,492
[TV/방송],스튜디오V [ STUDIO V ],53만,1억5670만,320
[미분류],시니어전성시대,53만,6141만,145
[뉴스/정치/사회],Arirang News,53만,2억3780만,"123,984"
[TV/방송],joanday,53만,6851만,629
[뉴스/정치/사회],여수MBC Music+(Kpop&Trot),53만,3억3597만,"11,954"
[BJ/인물/연예인],박서아TV,53만,9928만,306
[게임],똘킹,53만,3억8887만,"1,829"
[미분류],AB6IX,53만,3227만,263
[영화/만화/애니],supershinstudio,53만,3억8390만,"7,779"
[TV/방송],Ripple_S,53만,3억0130만,714
[취미/라이프],미니유 Miniyu ASMR,53만,2억2361만,728
[뉴스/정치/사회],KBS KONG,52만,2억0408만,"6,645"
[음식/요리/레시피],PRUMIR,52만,1억1154만,448
[미분류],조여사전성시대,52만,9870만,428
[미분류],Everton Football Club,52만,1억4374만,"2,485"
[음악/댄스/가수],Mina's TV 미나네TV,52만,2103만,136
[BJ/인물/연예인],Mr.아재 [Mr.Ajae],52만,1억3439만,303
[TV/방송],KBS 1라디오,52만,1억8897만,"10,373"
[취미/라이프],공구왕황부장,52만,1억0549만,445
[미분류],햄튜브,52만,2억8121만,"1,110"
[키즈/어린이],오콘키즈,52만,6억9450만,"1,009"
[게임],방앗간 비둘기,52만,3억3496만,"4,296"
[음악/댄스/가수],Dragon Stone,52만,3232만,148
[음식/요리/레시피],영자씨의 부엌Young-Ja's Kitchen,52만,1억0839만,905
[음식/요리/레시피],창배먹방 chang_bae,52만,2억4255만,"1,283"
[IT/기술/컴퓨터],MR엠알,52만,7656만,348
[TV/방송],KBS동물티비 : 애니멀포유 animal4u,52만,3억2608만,"1,459"
[TV/방송],상현아웃겨줘parksanghyun,52만,1억7786만,398
[미분류],복지마블TV [Welfare Marble],51만,5021만,242
[게임],OGN,51만,6억0888만,"27,433"
[미분류],밉지않은 관종언니,51만,6795만,170
[게임],미소,51만,2억1078만,"3,084"
[음식/요리/레시피],Muggo,51만,1억8372만,"1,388"
[게임],임선비,51만,2억3429만,"1,134"
